code;kategorie;typ;frage;richtig;falsch1;falsch2;falsch3;erklaerung;schwierigkeit;bild_url;bild_quelle;status
wissen-001;wissen;text;Wofür stehen die Buchstaben N, P und K bei Düngemitteln?;Stickstoff, Phosphor, Kalium;Natrium, Phosphat, Kalk;Nitrat, Pottasche, Kupfer;Stickstoff, Pflanzenschutz, Kalk;N, P und K sind die chemischen Symbole der Hauptnährstoffe Stickstoff, Phosphor und Kalium.;1;;;freigegeben
wissen-002;wissen;text;Was bezeichnet man als Fruchtfolge?;Die zeitliche Abfolge der Kulturen auf einer Fläche;Die Reihenfolge der Ernte innerhalb eines Jahres;Den Abstand zwischen den Saatreihen;Die Reifestadien einer Frucht;Die Fruchtfolge ist die zeitliche Abfolge der Kulturen auf einer Fläche über mehrere Jahre.;1;;;freigegeben
krankheiten-001;krankheiten;text;Welcher Pilz verursacht Gelbrost an Weizen?;Puccinia striiformis;Zymoseptoria tritici;Blumeria graminis;Fusarium graminearum;Gelbrost wird durch Puccinia striiformis verursacht und bildet typische gelbe Pustelstreifen auf den Blättern.;1;;;freigegeben
schaedlinge-001;schaedlinge;text;Welcher Käfer ist ein bedeutender Schädling im Winterraps?;Rapsglanzkäfer;Kartoffelkäfer;Siebenpunkt-Marienkäfer;Buchdrucker;Der Rapsglanzkäfer frisst an den Blütenknospen des Rapses und kann so große Ertragsverluste verursachen.;1;;;freigegeben
kulturen-001;kulturen;text;Zu welcher Pflanzenfamilie gehört die Ackerbohne?;Hülsenfrüchtler;Süßgräser;Kreuzblütler;Nachtschattengewächse;Die Ackerbohne ist ein Hülsenfrüchtler (Fabaceae) und kann mit Knöllchenbakterien Luftstickstoff binden.;1;;;freigegeben
kulturen-002;kulturen;text;Welche dieser Kulturen ist kein Getreide?;Raps;Gerste;Roggen;Triticale;"Raps ist ein Kreuzblütler und gehört zu den Ölfrüchten; Gerste, Roggen und Triticale sind Getreide.";1;;;freigegeben
kulturen-003;kulturen;text;Welche Getreideart wird hauptsächlich zu Braumalz verarbeitet?;Gerste;Hafer;Roggen;Dinkel;Braugerste, meist Sommergerste, wird zu Malz verarbeitet und ist Grundlage für Bier.;1;;;entwurf
kulturen-004;kulturen;text;Welche Ackerkultur wird in Deutschland auf der größten Fläche angebaut?;Winterweizen;Silomais;Winterraps;Zuckerrübe;Winterweizen steht in Deutschland auf fast 3 Mio. Hektar und ist damit die flächenstärkste Einzelkultur.;2;;;entwurf
kulturen-005;kulturen;text;Aus welcher Pflanze wird in Deutschland der meiste Zucker gewonnen?;Zuckerrübe;Zuckerrohr;Zuckermais;Topinambur;"Zucker aus Deutschland stammt fast vollständig aus der Zuckerrübe; Zuckerrohr wächst nur in warmen Klimazonen.";1;;;entwurf
kulturen-006;kulturen;text;Was ist Triticale?;Eine Kreuzung aus Weizen und Roggen;Eine Kreuzung aus Gerste und Hafer;Eine Hirseart;Eine alte Dinkelsorte;Triticale ist eine Kreuzung aus Weizen (Triticum) und Roggen (Secale) und wird vor allem als Futtergetreide genutzt.;1;;;entwurf
kulturen-007;kulturen;text;Welche dieser Kulturen gehört zu den Kreuzblütlern?;Winterraps;Sojabohne;Sonnenblume;Lupine;"Raps ist wie Kohl und Senf ein Kreuzblütler (Brassicaceae); Sojabohne und Lupine sind Hülsenfrüchtler, die Sonnenblume ein Korbblütler.";1;;;entwurf
kulturen-008;kulturen;text;Was genau wird bei der Kartoffel geerntet?;Eine Sprossknolle;Eine Wurzelknolle;Eine Rübe;Eine Zwiebel;Die Kartoffelknolle ist ein verdickter unterirdischer Spross – erkennbar an den „Augen“, aus denen neue Triebe wachsen.;2;;;entwurf
kulturen-009;kulturen;text;Wann wird Winterraps in Deutschland üblicherweise gesät?;Mitte August bis Anfang September;Oktober bis November;März bis April;Mai bis Juni;Winterraps braucht vor dem Winter eine kräftige Entwicklung und wird deshalb schon im Spätsommer gesät.;2;;;entwurf
kulturen-010;kulturen;text;Welche Kultur braucht zum Keimen die höchste Bodentemperatur?;Mais;Winterweizen;Wintergerste;Winterraps;Mais keimt erst ab etwa 8 bis 10 °C Bodentemperatur und wird deshalb erst ab Mitte April gelegt.;2;;;entwurf
kulturen-011;kulturen;text;Bei welchem Getreide bleiben die Körner beim Dreschen fest in den Spelzen?;Dinkel;Weichweizen;Roggen;Mais;Dinkel ist ein Spelzgetreide: Die Körner müssen nach dem Dreschen in einer Schälmühle entspelzt werden.;2;;;entwurf
kulturen-012;kulturen;text;Welche Hülsenfrucht wird in Deutschland zunehmend für Tofu und als heimisches Eiweißfutter angebaut?;Sojabohne;Buchweizen;Raps;Hafer;Die Sojabohne wird dank früher Sorten vor allem in Süddeutschland angebaut. Buchweizen ist trotz des Namens kein Getreide und keine Hülsenfrucht.;1;;;entwurf
kulturen-013;kulturen;text;Was versteht man unter „Winterung“?;Kulturen, die im Herbst gesät werden und überwintern;Kulturen, die im Winter geerntet werden;Kulturen, die im Frühjahr gesät werden;Kulturen, die nur im Gewächshaus überwintern;Winterungen wie Winterweizen oder Winterraps werden im Herbst gesät und brauchen oft die Winterkälte (Vernalisation), um im Frühjahr zu schossen.;1;;;entwurf
kulturen-014;kulturen;text;Zu welcher Pflanzenfamilie gehört der Buchweizen?;Knöterichgewächse;Süßgräser;Fuchsschwanzgewächse;Hülsenfrüchtler;Buchweizen ist ein Knöterichgewächs und kein Getreide – er ist daher glutenfrei.;3;;;entwurf
kulturen-015;kulturen;text;Wie heißt Mais, der als ganze Pflanze gehäckselt und siliert wird?;Silomais;Körnermais;Zuckermais;Puffmais;Silomais wird als ganze Pflanze geerntet, gehäckselt und siliert – als Futter für Rinder oder als Substrat für Biogasanlagen.;1;;;entwurf
kulturen-016;kulturen;text;Aus welcher Pflanze wird Leinöl gewonnen?;Öllein;Hanf;Leindotter;Mohn;Leinöl wird aus den Samen des Öl-Leins gepresst. Leindotter ist eine andere Pflanze (ein Kreuzblütler) mit eigenem Öl.;1;;;entwurf
kulturen-017;kulturen;text;Wie heißt der weibliche Blütenstand des Maises, an dem die Körner sitzen?;Kolben;Rispe;Ähre;Dolde;Die Körner sitzen am Kolben. Die männliche Blüte an der Spitze der Pflanze ist die Fahne (eine Rispe).;1;;;entwurf
kulturen-018;kulturen;text;Welcher Blütenstand ist typisch für Hafer?;Rispe;Ähre;Kolben;Traube;Hafer bildet eine lockere Rispe mit hängenden Ährchen – im Unterschied zur kompakten Ähre von Weizen, Gerste und Roggen.;1;;;entwurf
kulturen-019;kulturen;text;Welche Zwischenfrucht wird mit resistenten Sorten gezielt vor Zuckerrüben gegen Nematoden angebaut?;Ölrettich;Phacelia;Buchweizen;Alexandrinerklee;Resistente Ölrettich- und Senfsorten locken Rübenzystennematoden zum Schlupf, lassen sie sich aber nicht vermehren – so sinkt der Befall.;3;;;entwurf
kulturen-020;kulturen;text;Welche dieser Kulturen stammt ursprünglich aus Südamerika?;Kartoffel;Zuckerrübe;Roggen;Ackerbohne;Die Kartoffel stammt aus den Anden und kam im 16. Jahrhundert nach Europa.;1;;;entwurf
kulturen-021;kulturen;text;Welche Futterpflanze wird oft „Königin der Futterpflanzen“ genannt?;Luzerne;Weißklee;Rotklee;Deutsches Weidelgras;Luzerne liefert viel eiweißreiches Futter, wurzelt sehr tief und bindet als Hülsenfrüchtler Luftstickstoff.;2;;;entwurf
kulturen-022;kulturen;text;Welches Getreide kommt am besten mit sauren, leichten Sandböden zurecht?;Roggen;Weizen;Gerste;Körnermais;Roggen ist sehr genügsam und wird deshalb traditionell auf leichten, sandigen Standorten angebaut.;2;;;entwurf
kulturen-023;kulturen;text;Was gibt die Tausendkornmasse (TKM) an?;Das Gewicht von 1.000 Körnern;Die Anzahl der Körner je Quadratmeter;Den Kornertrag in Tonnen je Hektar;Das Gewicht von 1.000 Pflanzen;Die TKM wird in Gramm angegeben und braucht man z. B., um aus der gewünschten Körnerzahl die Saatmenge zu berechnen.;1;;;entwurf
kulturen-024;kulturen;text;Welche dieser Kulturen ist ein Doldenblütler?;Möhre;Kohlrabi;Spinat;Zwiebel;Die Möhre gehört wie Petersilie und Fenchel zu den Doldenblütlern (Apiaceae).;1;;;entwurf
kulturen-025;kulturen;text;Was bedeutet das Entwicklungsstadium BBCH 65 beim Getreide?;Vollblüte;Beginn der Bestockung;Ende des Ährenschiebens;Milchreife;BBCH 65 steht für die Vollblüte (etwa die Hälfte der Staubbeutel ist sichtbar). 21 ist Bestockungsbeginn, 59 Ende Ährenschieben, 75 Milchreife.;3;;;entwurf
kulturen-026;kulturen;text;Wie werden Kartoffeln im Ackerbau üblicherweise vermehrt?;Über Pflanzkartoffeln;Über Aussaat von Samen;Über Stecklinge;Über Veredelung;Gepflanzt werden gesunde, zertifizierte Pflanzkartoffeln – eine vegetative Vermehrung, bei der die Sorte erhalten bleibt.;1;;;entwurf
kulturen-027;kulturen;text;Welche dieser Kulturen ist mehrjährig?;Miscanthus;Silomais;Sommergerste;Zuckerrübe;Miscanthus (Chinaschilf) wächst 15 bis 20 Jahre auf derselben Fläche und wird jährlich geerntet.;2;;;entwurf
schaedlinge-002;schaedlinge;text;Welcher Käfer ist ein bekannter Schädling an Kartoffeln?;Kartoffelkäfer;Rapsglanzkäfer;Maikäfer;Buchdrucker;Käfer und Larven des Kartoffelkäfers fressen das Kartoffellaub und können Pflanzen kahlfressen.;1;;;entwurf
schaedlinge-003;schaedlinge;text;Welcher Schädling bohrt sich in Maisstängel, sodass sie abknicken?;Maiszünsler;Drahtwurm;Fritfliege;Kartoffelkäfer;"Die Raupe des Maiszünslers frisst sich durch den Stängel; befallene Pflanzen knicken ab und können Pilzen Eintritt bieten.";1;;;entwurf
schaedlinge-004;schaedlinge;text;Was sind Drahtwürmer?;Larven von Schnellkäfern;Larven von Maikäfern;Fadenwürmer (Nematoden);Eine Regenwurmart;Drahtwürmer sind die harten, gelblichen Larven der Schnellkäfer. Sie fressen an Kartoffelknollen, Mais und Getreidekeimlingen.;2;;;entwurf
schaedlinge-005;schaedlinge;text;Wie heißen die Larven des Maikäfers?;Engerlinge;Drahtwürmer;Erdraupen;Tausendfüßer;Engerlinge leben mehrere Jahre im Boden und fressen an Wurzeln, vor allem im Grünland.;1;;;entwurf
schaedlinge-006;schaedlinge;text;Welche Schädlinge übertragen das Gerstengelbverzwergungsvirus (BYDV)?;Blattläuse;Zikaden;Thripse;Spinnmilben;Das BYDV wird von Blattläusen übertragen, die im Herbst in Wintergetreide zufliegen. Zikaden übertragen dagegen das Weizenverzwergungsvirus.;3;;;entwurf
schaedlinge-007;schaedlinge;text;Welcher Schädling bildet an den Wurzeln der Zuckerrübe kleine Zysten?;Rübenzystennematode;Rübenfliege;Moosknopfkäfer;Rübenerdfloh;Die Weibchen des Rübenzystennematoden (Heterodera schachtii) bilden zitronenförmige Zysten mit bis zu mehreren hundert Eiern.;2;;;entwurf
schaedlinge-008;schaedlinge;text;Welcher aus Nordamerika eingeschleppte Käfer schädigt vor allem durch Larvenfraß an Maiswurzeln?;Westlicher Maiswurzelbohrer;Maiszünsler;Kartoffelkäfer;Getreidehähnchen;"Die Larven des Westlichen Maiswurzelbohrers fressen an den Wurzeln; befallene Pflanzen fallen um („Gänsehalssymptom“). Eine Fruchtfolge ohne Mais wirkt sehr gut dagegen.";2;;;entwurf
schaedlinge-009;schaedlinge;text;Welcher Schädling verursacht im Herbst Lochfraß an den Keimblättern des Rapses?;Rapserdfloh;Rapsglanzkäfer;Kohlschotenrüssler;Großer Rapsstängelrüssler;"Der Rapserdfloh frisst im Herbst Löcher in Keim- und Laubblätter; seine Larven minieren später in Blattstielen und Stängeln.";2;;;entwurf
schaedlinge-010;schaedlinge;text;Durch die Fraßlöcher welches Schädlings kann die Kohlschotenmücke ihre Eier in Rapsschoten ablegen?;Kohlschotenrüssler;Rapsglanzkäfer;Rapserdfloh;Grüne Pfirsichblattlaus;Die Kohlschotenmücke nutzt die Einstichstellen des Kohlschotenrüsslers zur Eiablage – beide Schädlinge treten daher oft gemeinsam auf.;3;;;entwurf
schaedlinge-011;schaedlinge;text;Woran erkennt man Fraß des Getreidehähnchens?;Längsstreifen, in denen nur die untere Blatthaut stehen bleibt;Gelbe Pustelstreifen auf den Blättern;Weißer, mehliger Belag;Abgeknickte Halme;Die Larven schaben das Blattgewebe streifenförmig ab („Fensterfraß“), die untere Epidermis bleibt als durchscheinende Haut stehen.;2;;;entwurf
schaedlinge-012;schaedlinge;text;Welcher Nützling frisst besonders viele Blattläuse?;Marienkäfer und seine Larven;Drahtwurm;Kartoffelkäfer;Maulwurfsgrille;Eine Marienkäferlarve frisst während ihrer Entwicklung mehrere hundert Blattläuse.;1;;;entwurf
schaedlinge-013;schaedlinge;text;Welcher Schädling richtet vor allem bei feuchter Witterung Schäden an auflaufendem Raps und Weizen an?;Ackerschnecke;Rapsglanzkäfer;Maiszünsler;Kartoffelkäfer;"Ackerschnecken fressen Keimlinge und junge Blätter; feuchte Böden und viel Stroh an der Oberfläche fördern sie.";1;;;entwurf
schaedlinge-014;schaedlinge;text;Was bezeichnet die wirtschaftliche Schadensschwelle?;Die Befallsstärke, ab der sich eine Bekämpfung lohnt;Die zulässige Höchstmenge eines Pflanzenschutzmittels;Den Anteil zerstörter Pflanzen, ab dem nicht geerntet werden darf;Die Temperatur, ab der Schädlinge aktiv werden;Unterhalb der Schadensschwelle kosten Bekämpfungsmaßnahmen mehr, als sie an Ertragsschaden verhindern.;1;;;entwurf
schaedlinge-015;schaedlinge;text;Womit wird der Zuflug von Rapsschädlingen üblicherweise überwacht?;Gelbschalen;Lichtfallen;Bodenproben;Leimringe am Baum;Die gelbe Farbe lockt Rapsschädlinge an. Aus den Fängen in der Gelbschale lässt sich ablesen, wann eine Kontrolle im Bestand nötig ist.;1;;;entwurf
schaedlinge-016;schaedlinge;text;Welche Fliege schädigt junge Mais- und Haferpflanzen, indem ihre Larven das Herzblatt zerstören?;Fritfliege;Kirschfruchtfliege;Stubenfliege;Möhrenfliege;"Die Larve der Fritfliege frisst im Herztrieb; das innere Blatt vergilbt und stirbt ab, die Pflanze bestockt sich übermäßig.";2;;;entwurf
schaedlinge-017;schaedlinge;text;Welches Tier verursacht in Mäusejahren große Kahlstellen in Grünland und Getreide?;Feldmaus;Maulwurf;Igel;Spitzmaus;Feldmäuse können sich in günstigen Jahren massenhaft vermehren. Maulwurf, Igel und Spitzmaus fressen dagegen Insekten und Würmer.;1;;;entwurf
schaedlinge-018;schaedlinge;text;Welcher Schmetterling legt seine Eier an Kohl und Raps, wo die Raupen die Blätter fressen?;Großer Kohlweißling;Zitronenfalter;Tagpfauenauge;Admiral;Die gelb-schwarzen Raupen des Großen Kohlweißlings fressen in Gruppen an Kreuzblütlern.;1;;;entwurf
schaedlinge-019;schaedlinge;text;Wie nennt man die mikroskopisch kleinen Fadenwürmer, die als Schädlinge an Wurzeln saugen?;Nematoden;Thripse;Springschwänze;Milben;Nematoden sind Fadenwürmer. Pflanzenparasitische Arten stechen mit einem Mundstachel Wurzelzellen an.;1;;;entwurf
schaedlinge-020;schaedlinge;text;Welcher Kartoffelschädling unterliegt in der EU strengen Quarantänevorschriften?;Kartoffelzystennematode;Drahtwurm;Grüne Pfirsichblattlaus;Erdraupe;"Kartoffelzystennematoden (Globodera rostochiensis und G. pallida) sind Quarantäneschädlinge; Pflanzkartoffelflächen werden amtlich untersucht.";2;;;entwurf
schaedlinge-021;schaedlinge;text;Welche Tiere werden mit Sitzstangen auf dem Feld als natürliche Mäusejäger gefördert?;Greifvögel wie der Mäusebussard;Stare;Amseln;Ringeltauben;Sitzstangen bieten Greifvögeln einen Ansitz, von dem aus sie Mäuse jagen.;1;;;entwurf
schaedlinge-022;schaedlinge;text;Welcher Schädling legt im zeitigen Frühjahr Eier in Rapsstängel, die sich dann verkrümmen und aufplatzen?;Großer Rapsstängelrüssler;Rapsglanzkäfer;Kohlschotenmücke;Großer Kohlweißling;"Die Larven des Großen Rapsstängelrüsslers fressen das Mark; Stängel verdrehen sich und platzen auf.";2;;;entwurf
schaedlinge-023;schaedlinge;text;Welcher Schädling überträgt das Weizenverzwergungsvirus (WDV)?;Zwergzikade;Getreidehähnchen;Weizengallmücke;Fritfliege;Die Zwergzikade Psammotettix alienus überträgt das WDV, vor allem bei früher Saat und warmem Herbstwetter.;3;;;entwurf
schaedlinge-024;schaedlinge;text;Wie wirkt Bacillus thuringiensis als biologisches Pflanzenschutzmittel?;Er bildet Eiweiße, die für bestimmte Insektenlarven giftig sind;Er lockt Nützlinge an;Er härtet die Blätter;Er zersetzt Unkräuter;Nach dem Fressen zerstören die Bt-Proteine den Darm der Larven. Je nach Stamm wirken sie z. B. gegen Raupen oder Käferlarven.;3;;;entwurf
schaedlinge-025;schaedlinge;text;Womit lockt eine Pheromonfalle Schadinsekten an?;Mit Sexuallockstoffen;Mit Licht;Mit Zuckerlösung;Mit gelber Farbe;Pheromonfallen imitieren den Duftstoff der Weibchen und locken so gezielt die Männchen einer Art an.;1;;;entwurf
schaedlinge-026;schaedlinge;text;Welcher Käfer ist ein typischer Schädling in gelagertem Getreide?;Kornkäfer;Kartoffelkäfer;Rapsglanzkäfer;Maikäfer;"Der Kornkäfer legt seine Eier in Getreidekörner; die Larven fressen die Körner von innen aus.";1;;;entwurf
krankheiten-002;krankheiten;text;Welche Krankheit bildet einen weißen, mehligen Belag auf Getreideblättern?;Echter Mehltau;Braunrost;Septoria-Blattdürre;Schneeschimmel;Echter Mehltau (Blumeria graminis) bildet weiße Pilzpolster, die später grau werden.;1;;;entwurf
krankheiten-003;krankheiten;text;Welche Krankheit löste Mitte des 19. Jahrhunderts die große Hungersnot in Irland aus?;Kraut- und Knollenfäule;Kartoffelschorf;Schwarzbeinigkeit;Rhizoctonia-Pockenkrankheit;Die Kraut- und Knollenfäule (Phytophthora infestans) vernichtete ab 1845 große Teile der irischen Kartoffelernte.;1;;;entwurf
krankheiten-004;krankheiten;text;Welcher Erreger bildet im Getreide dunkle, giftige Dauerkörper anstelle von Körnern?;Mutterkorn;Flugbrand;Fusarium;Echter Mehltau;Die Sklerotien des Mutterkornpilzes (Claviceps purpurea) enthalten giftige Alkaloide. Roggen ist besonders anfällig.;1;;;entwurf
krankheiten-005;krankheiten;text;Welches Mykotoxin bilden Fusarium-Pilze am Weizen besonders häufig?;Deoxynivalenol (DON);Aflatoxin;Patulin;Ochratoxin A;DON entsteht bei Ährenfusarium. Für Lebens- und Futtermittel gelten Höchstgehalte.;3;;;entwurf
krankheiten-006;krankheiten;text;Nach welcher Vorfrucht ist das Risiko für Ährenfusarium im Weizen am höchsten?;Mais;Raps;Zuckerrübe;Ackerbohne;Maisstoppeln sind ein wichtiges Infektionsmaterial für Fusarium – besonders ohne Pflug, wenn die Reste an der Oberfläche bleiben.;2;;;entwurf
krankheiten-007;krankheiten;text;Wie wird Flugbrand an Gerste und Weizen hauptsächlich weitergegeben?;Über infiziertes Saatgut;Über Blattläuse;Über Nematoden im Boden;Über Beregnungswasser;"Die Sporen infizieren zur Blüte das Korn; der Pilz überdauert im Saatkorn und bricht in der nächsten Generation aus.";2;;;entwurf
krankheiten-008;krankheiten;text;Welche Krankheit verursacht an Raps und Kohl knollige Wucherungen an den Wurzeln?;Kohlhernie;Phoma-Stängelfäule;Sklerotinia;Verticillium-Welke;Kohlhernie (Plasmodiophora brassicae) bildet Dauersporen, die viele Jahre im Boden überleben – enge Rapsfruchtfolgen fördern sie.;2;;;entwurf
krankheiten-009;krankheiten;text;Welche Rapskrankheit wird auch „Weißstängeligkeit“ genannt?;Sklerotinia;Phoma-Wurzelhals- und Stängelfäule;Kohlhernie;Alternaria-Schotenschwärze;"Bei Sklerotinia bleichen Stängelabschnitte aus; im Inneren bilden sich schwarze Sklerotien.";2;;;entwurf
krankheiten-010;krankheiten;text;Welche Fußkrankheit tritt vor allem bei enger Getreidefruchtfolge (Weizen nach Weizen) auf?;Schwarzbeinigkeit;Gelbrost;Flugbrand;Kraut- und Knollenfäule;"Der Erreger der Schwarzbeinigkeit überdauert an Getreidewurzeln; eine Blattfrucht in der Fruchtfolge unterbricht den Zyklus.";2;;;entwurf
krankheiten-011;krankheiten;text;Woran erkennt man Braunrost am Weizen?;Kleine, rostbraune, rundliche Pusteln verstreut auf dem Blatt;Gelbe Pustelstreifen entlang der Blattadern;Weißer, mehliger Belag;Schwarz verfärbte Ähren;"Braunrost bildet einzelne, verstreute Pusteln; Gelbrost dagegen zitronengelbe Pusteln in Streifen.";2;;;entwurf
krankheiten-012;krankheiten;text;Welche Viruskrankheit führt bei Gerste zu Gelbfärbung und Zwergwuchs und wird durch Blattläuse übertragen?;Gelbverzwergung;Netzfleckenkrankheit;Rhynchosporium-Blattflecken;Zwergsteinbrand;"Das Gerstengelbverzwergungsvirus wird im Herbst von Blattläusen übertragen; eine spätere Saat senkt das Risiko.";2;;;entwurf
krankheiten-013;krankheiten;text;Welche Gerstenkrankheit zeigt braune Flecken mit netzartiger Zeichnung?;Netzfleckenkrankheit;Rhynchosporium-Blattflecken;Braunrost;Echter Mehltau;Die Netzfleckenkrankheit (Pyrenophora teres) bildet typische braune Netzmuster auf den Blättern.;1;;;entwurf
krankheiten-014;krankheiten;text;Welche Weizenkrankheit breitet sich vor allem durch Regenspritzer von den unteren zu den oberen Blättern aus?;Septoria-Blattdürre;Echter Mehltau;Gelbrost;Mutterkorn;"Septoria (Zymoseptoria tritici) ist auf Regen angewiesen; Mehltau- und Rostsporen werden dagegen mit dem Wind verbreitet.";2;;;entwurf
krankheiten-015;krankheiten;text;Welche Krankheit der Zuckerrübe zeigt kleine runde Flecken mit rotbraunem Rand?;Cercospora-Blattflecken;Rübenmehltau;Rhizomania;Späte Rübenfäule;Cercospora beticola ist die wichtigste Blattkrankheit der Zuckerrübe und wird durch warm-feuchtes Wetter gefördert.;3;;;entwurf
krankheiten-016;krankheiten;text;Was verursacht die Rhizomania („Wurzelbärtigkeit“) der Zuckerrübe?;Ein Virus, das von einem Bodenorganismus übertragen wird;Ein Bakterium, das von Blattläusen übertragen wird;Ein Nematode;Bormangel;Das Virus BNYVV wird vom bodenbürtigen Polymyxa betae übertragen. Wirksam sind nur tolerante Sorten.;3;;;entwurf
krankheiten-017;krankheiten;text;Welche Kartoffelkrankheit verursacht raue, korkige Stellen auf der Schale?;Gewöhnlicher Kartoffelschorf;Kraut- und Knollenfäule;Schwarzbeinigkeit;Dürrfleckenkrankheit;Kartoffelschorf wird von Bakterien (Streptomyces) verursacht und tritt besonders bei trockenem Boden während des Knollenansatzes auf.;2;;;entwurf
krankheiten-018;krankheiten;text;Bei welchem Wetter breitet sich die Kraut- und Knollenfäule besonders schnell aus?;Bei feucht-warmer Witterung;Bei Trockenheit und Hitze;Bei Frost;Bei trockenem Wind;Hohe Luftfeuchte oder nasse Blätter und Temperaturen um 15 bis 20 °C sind ideal für Phytophthora.;1;;;entwurf
krankheiten-019;krankheiten;text;Welche Maßnahme beugt vielen Pilzkrankheiten im Ackerbau vor?;Eine weite Fruchtfolge;Anbau in Monokultur;Ein möglichst früher Saattermin;Eine hohe Stickstoffdüngung;"Viele Erreger überdauern an Ernteresten derselben Kultur. Wechselnde Kulturen unterbrechen ihren Kreislauf; frühe Saat und viel Stickstoff fördern dagegen oft Krankheiten.";1;;;entwurf
krankheiten-020;krankheiten;text;Welche Krankheit erkennt man an „Brandbutten“ im Weizenkorn, die nach Fisch riechen?;Weizensteinbrand;Flugbrand;Mutterkorn;Ährenfusarium;"Beim Steinbrand (Tilletia caries) sind die Körner mit Sporen gefüllt; sie riechen nach Heringslake (Trimethylamin). Im Ökolandbau ist er ein wichtiges Thema.";3;;;entwurf
krankheiten-021;krankheiten;text;Welcher Erreger verursacht die Kraut- und Knollenfäule der Kartoffel?;Phytophthora infestans;Alternaria solani;Rhizoctonia solani;Fusarium solani;Phytophthora infestans ist ein Eipilz (Oomycet). Alternaria solani verursacht die Dürrfleckenkrankheit.;2;;;entwurf
krankheiten-022;krankheiten;text;Welche Maiskrankheit bildet große Beulen, die mit schwarzem Sporenpulver gefüllt sind?;Maisbeulenbrand;Turcicum-Blattdürre;Stängelfäule;Maisrost;Maisbeulenbrand (Ustilago maydis) tritt oft nach Verletzungen, z. B. durch Hagel oder Maiszünsler, auf.;1;;;entwurf
krankheiten-023;krankheiten;text;Welche Krankheit ist an Wintergetreide unter lang liegender Schneedecke gefürchtet?;Schneeschimmel;Braunrost;Mutterkorn;Septoria-Blattdürre;Schneeschimmel (Microdochium nivale) bildet nach der Schneeschmelze einen weißlich-rosa Belag auf abgestorbenen Blättern.;1;;;entwurf
krankheiten-024;krankheiten;text;Was bedeutet in der Beschreibenden Sortenliste die Note 1 bei der Anfälligkeit für eine Krankheit?;Fehlende oder sehr geringe Anfälligkeit;Sehr starke Anfälligkeit;Mittlere Anfälligkeit;Nicht geprüft;Das Bundessortenamt bewertet von 1 (fehlend oder sehr gering) bis 9 (sehr stark) – eine niedrige Note ist bei Krankheiten also gut.;3;;;entwurf
krankheiten-025;krankheiten;text;Welcher Nährstoffmangel verursacht die Herz- und Trockenfäule der Zuckerrübe?;Bormangel;Stickstoffmangel;Kupfermangel;Schwefelmangel;Die Herz- und Trockenfäule ist eine Mangelkrankheit. Bor ist auf kalkreichen Böden und bei Trockenheit schlecht verfügbar.;3;;;entwurf
krankheiten-026;krankheiten;text;Welche Krankheit erkennt man an zitronengelben Pusteln, die in Streifen entlang der Blattadern stehen?;Gelbrost;Braunrost;Schwarzrost;Echter Mehltau;Gelbrost bildet streifig angeordnete, gelbe Sporenlager und kann sich bei kühl-feuchtem Wetter schon im Frühjahr stark ausbreiten.;1;;;entwurf
wissen-003;wissen;text;Wofür steht die Abkürzung GAP?;Gemeinsame Agrarpolitik der EU;Gute Agrarpraxis;Grünland- und Ackerprogramm;Gesamtbetriebliche Agrarplanung;Die Gemeinsame Agrarpolitik regelt u. a. die Direktzahlungen an Betriebe und die Förderung des ländlichen Raums in der EU.;1;;;entwurf
wissen-004;wissen;text;Was gibt der pH-Wert eines Bodens an?;Den Säuregrad;Den Humusgehalt;Den Wassergehalt;Den Stickstoffgehalt;Der pH-Wert beschreibt, wie sauer oder basisch ein Boden ist. Er beeinflusst stark, wie gut Nährstoffe verfügbar sind.;1;;;entwurf
wissen-005;wissen;text;Womit hebt man einen zu niedrigen pH-Wert des Bodens an?;Mit einer Kalkung;Mit Schwefeldüngung;Mit Ammoniumsulfat;Mit Torf;Kalk neutralisiert Säuren im Boden. Schwefel, Ammoniumsulfat und Torf wirken dagegen versauernd.;1;;;entwurf
wissen-006;wissen;text;Wie heißt Bodenbearbeitung ohne Pflug, bei der Pflanzenreste an der Oberfläche bleiben?;Konservierende Bodenbearbeitung;Tiefenlockerung;Wendende Bodenbearbeitung;Schwarzbrache;Bei konservierender Bodenbearbeitung (z. B. Mulchsaat) schützen die Pflanzenreste den Boden vor Erosion und Austrocknung.;2;;;entwurf
wissen-007;wissen;text;Was versteht man unter Direktsaat?;Aussaat ohne vorherige Bodenbearbeitung;Aussaat von Hand;Aussaat per Drohne;Aussaat im Gewächshaus;Bei der Direktsaat legt eine spezielle Sämaschine das Saatgut direkt in den unbearbeiteten Boden mit den Resten der Vorfrucht.;1;;;entwurf
wissen-008;wissen;text;Welcher Boden speichert am meisten pflanzenverfügbares Wasser?;Lössboden (schluffreich);Sandboden;Kiesboden;Flachgründiger Steinboden;Schluffreiche Lössböden haben viele mittelgroße Poren und damit eine hohe nutzbare Feldkapazität. Tonböden halten Wasser zwar stark, geben es aber schlechter an Pflanzen ab.;3;;;entwurf
wissen-009;wissen;text;Mit welchen Partnern binden Hülsenfrüchte Stickstoff aus der Luft?;Knöllchenbakterien (Rhizobien);Mykorrhiza-Pilzen;Regenwürmern;Blattläusen;Knöllchenbakterien leben in Wurzelknöllchen und wandeln Luftstickstoff in eine für die Pflanze nutzbare Form um.;1;;;entwurf
wissen-010;wissen;text;Wie viel wiegt ein Doppelzentner?;100 kg;50 kg;200 kg;1.000 kg;Ein Doppelzentner (dt) sind 100 kg. Getreideerträge werden oft in dt/ha angegeben.;1;;;entwurf
wissen-011;wissen;text;Wie groß ist ein Hektar?;10.000 m²;1.000 m²;100.000 m²;1 km²;Ein Hektar ist eine Fläche von 100 m × 100 m. Ein Quadratkilometer entspricht 100 Hektar.;1;;;entwurf
wissen-012;wissen;text;Was gilt im ökologischen Landbau für chemisch-synthetische Stickstoffdünger?;Sie sind verboten;Sie sind in halber Menge erlaubt;Sie sind nur im Frühjahr erlaubt;Sie sind erlaubt, wenn sie bio-zertifiziert sind;Im Ökolandbau kommt Stickstoff vor allem über Leguminosen und organische Dünger wie Mist oder Kompost in den Kreislauf.;1;;;entwurf
wissen-013;wissen;text;Welche Verordnung regelt in Deutschland Düngebedarfsermittlung und Sperrfristen?;Die Düngeverordnung;Die Pflanzenschutz-Anwendungsverordnung;Die Saatgutverordnung;Die Bundes-Bodenschutzverordnung;Die Düngeverordnung (DüV) setzt die EU-Nitratrichtlinie um und regelt u. a. Bedarfsermittlung, Obergrenzen und Sperrfristen.;2;;;entwurf
wissen-014;wissen;text;Was ist Humus?;Abgestorbene, umgewandelte organische Substanz im Boden;Der mineralische Feinanteil des Bodens;Das Bodenwasser;Gemahlenes Gestein;Humus entsteht aus Pflanzen- und Tierresten. Er speichert Wasser und Nährstoffe und verbessert die Bodenstruktur.;1;;;entwurf
wissen-015;wissen;text;Wofür steht die Abkürzung LF in der Agrarstatistik?;Landwirtschaftlich genutzte Fläche;Landesforst;Leistungsfaktor;Lohnfuhre;Die LF umfasst Ackerland, Dauergrünland und Dauerkulturen eines Betriebs oder einer Region.;2;;;entwurf
wissen-016;wissen;text;Welcher Anteil der Fläche Deutschlands wird ungefähr landwirtschaftlich genutzt?;Etwa die Hälfte;Etwa ein Viertel;Etwa drei Viertel;Etwa ein Zehntel;Rund 16,6 Mio. Hektar – knapp die Hälfte der Landesfläche – werden landwirtschaftlich genutzt.;2;;;entwurf
wissen-017;wissen;text;Welches Treibhausgas entsteht vor allem bei der Verdauung von Wiederkäuern?;Methan;Lachgas;Kohlenmonoxid;Ammoniak;Methan entsteht bei der Fermentation im Pansen. Lachgas stammt dagegen vor allem aus gedüngten Böden.;1;;;entwurf
wissen-018;wissen;text;Woher stammt der größte Teil der Lachgas-Emissionen der Landwirtschaft?;Aus stickstoffgedüngten Böden;Aus der Verdauung von Rindern;Aus Traktorabgasen;Aus der Stallbeleuchtung;Bodenmikroorganismen setzen bei der Umwandlung von Stickstoff Lachgas (N₂O) frei – besonders bei Stickstoffüberschuss und nassen Böden.;2;;;entwurf
wissen-019;wissen;text;Was bewirkt eine Zwischenfrucht über den Winter unter anderem?;Sie schützt den Boden vor Erosion und bindet Nährstoffe;Sie erhöht die Nitratauswaschung;Sie ersetzt die Hauptfrucht;Sie verdichtet den Boden;Zwischenfrüchte nehmen Reststickstoff auf, verringern so die Auswaschung und bedecken den Boden über Winter.;1;;;entwurf
wissen-020;wissen;text;In welcher Einheit wird der Ertrag im Ackerbau üblicherweise angegeben?;Dezitonnen je Hektar (dt/ha);Kilogramm je Kubikmeter;Liter je Hektar;Tonnen je Kilometer;Eine Dezitonne entspricht 100 kg. 80 dt/ha Weizen sind also 8 Tonnen je Hektar.;1;;;entwurf
wissen-021;wissen;text;Wofür steht BBCH in der Landwirtschaft?;Ein einheitlicher Code für die Entwicklungsstadien von Pflanzen;Ein Schlüssel zur Bodenbewertung;Die Beschreibende Sortenliste;Eine Bundesbehörde für Pflanzenschutz;Die BBCH-Skala beschreibt Entwicklungsstadien mit Zahlen von 00 bis 99, z. B. für den richtigen Zeitpunkt einer Maßnahme.;2;;;entwurf
wissen-022;wissen;text;Was drückt die Ackerzahl aus?;Die natürliche Ertragsfähigkeit eines Ackerbodens;Den Humusgehalt;Den pH-Wert;Die Hangneigung;"Die Ackerzahl aus der Bodenschätzung reicht von etwa 7 bis 100; hohe Werte haben z. B. Lössböden der Börden.";2;;;entwurf
wissen-023;wissen;text;Wofür ist Stickstoff in der Pflanze vor allem wichtig?;Für Wachstum und Eiweißbildung;Für die Standfestigkeit;Für den Frostschutz;Für die Farbe der Blüten;Stickstoff ist Baustein von Eiweißen und Chlorophyll. Mangel zeigt sich an hellgrünen bis gelben, kümmernden Pflanzen.;2;;;entwurf
wissen-024;wissen;text;Was versteht man unter Precision Farming?;Teilflächenspezifische Bewirtschaftung mit GPS und Sensoren;Anbau im Gewächshaus;Bewirtschaftung in reiner Handarbeit;Bewässerung ausschließlich mit Tropfschläuchen;Dünger, Saatgut oder Pflanzenschutzmittel werden dabei je nach Bedarf der Teilfläche unterschiedlich dosiert.;1;;;entwurf
wissen-025;wissen;text;Wie heißt der Zeitraum, in dem auf Ackerland keine Gülle ausgebracht werden darf?;Sperrfrist;Karenzzeit;Schonzeit;Wartezeit;Die Düngeverordnung legt Sperrfristen fest, in denen stickstoffhaltige Dünger wie Gülle nicht ausgebracht werden dürfen, meist über den Winter.;2;;;entwurf
wissen-026;wissen;text;Was bezeichnet die Wartezeit bei Pflanzenschutzmitteln?;Den Mindestabstand zwischen letzter Anwendung und Ernte;Die Zeit, bis das Mittel angetrocknet ist;Den Abstand zwischen zwei Behandlungen;Die Lagerdauer des Mittels;Die Wartezeit stellt sicher, dass Rückstände bis zur Ernte unter die zulässigen Höchstgehalte sinken.;2;;;entwurf
wissen-027;wissen;text;Was versteht man unter Bodenverdichtung?;Das Zusammenpressen des Bodens, wodurch Poren kleiner werden;Die Anreicherung von Humus;Steine, die an die Oberfläche wandern;Das Auswaschen von Kalk;Schwere Maschinen auf nassem Boden verdichten ihn. Wurzeln, Wasser und Luft dringen dann schlechter ein.;1;;;entwurf
schaedlinge-027;schaedlinge;bild;Welcher Schädling ist auf dem Bild zu sehen?;Rapsglanzkäfer;Rapserdfloh;Kohlschotenrüssler;Getreidehähnchen;Der nur 2–3 mm große, metallisch schwarz-grün glänzende Käfer frisst im Frühjahr an den Knospen des Rapses.;1;https://upload.wikimedia.org/wikipedia/commons/thumb/1/1c/Meligethes_aeneus01.jpg/960px-Meligethes_aeneus01.jpg;entomart, Attribution, Wikimedia Commons;entwurf
schaedlinge-028;schaedlinge;bild;Wessen Larve frisst hier an einem Kartoffelblatt?;Kartoffelkäfer;Marienkäfer;Rapsglanzkäfer;Maiswurzelbohrer;Die rötlichen Larven mit zwei Reihen schwarzer Punkte an den Seiten fressen Kartoffelpflanzen bis auf die Stängel kahl.;1;https://upload.wikimedia.org/wikipedia/commons/thumb/4/42/Colorado_potato_beetle_larva_%28Leptinotarsa_decemlineata%29.jpg/960px-Colorado_potato_beetle_larva_%28Leptinotarsa_decemlineata%29.jpg;Tavo Romann, CC BY 4.0, Wikimedia Commons;entwurf
schaedlinge-029;schaedlinge;bild;Welcher Schädling ist hier als Falter zu sehen?;Maiszünsler;Apfelwickler;Großer Kohlweißling;Kohlmotte;Der unscheinbare, gelbbraune Falter fliegt im Sommer. Schaden machen seine Raupen, die sich in Maisstängel bohren.;3;https://upload.wikimedia.org/wikipedia/commons/thumb/3/3d/Ostrinia_nubilalis01.jpg/960px-Ostrinia_nubilalis01.jpg;entomart, Attribution, Wikimedia Commons;entwurf
schaedlinge-030;schaedlinge;bild;Welche Larve ist hier auf einem Getreideblatt zu sehen?;Getreidehähnchen;Kartoffelkäfer;Drahtwurm;Fritfliege;Die Larve tarnt sich mit ihrem eigenen Kot. Typisch ist ihr Fensterfraß: Streifen, in denen nur die untere Blatthaut stehen bleibt – im Bild gut zu erkennen.;2;https://upload.wikimedia.org/wikipedia/commons/thumb/3/32/Oulema_melanopus_larva_06-03-2020.jpg/960px-Oulema_melanopus_larva_06-03-2020.jpg;Rebecca Hawkins, CC0, Wikimedia Commons;entwurf
schaedlinge-031;schaedlinge;bild;Welcher Schädling ist auf dem Bild zu sehen?;Rapserdfloh;Rapsglanzkäfer;Großer Rapsstängelrüssler;Kornkäfer;Der schwarz-blau glänzende Blattkäfer mit verdickten Hinterschenkeln (Sprungbeine) verursacht im Herbst Lochfraß an jungem Raps.;3;https://upload.wikimedia.org/wikipedia/commons/thumb/8/86/Psylliodes-chrysocephala-01-fws.jpg/960px-Psylliodes-chrysocephala-01-fws.jpg;Francisco Welter-Schultes, CC0, Wikimedia Commons;entwurf
schaedlinge-032;schaedlinge;bild;Welcher Schädling ist auf dem Bild zu sehen?;Westlicher Maiswurzelbohrer;Kartoffelkäfer;Getreidehähnchen;Maiszünsler;Der gelbliche Käfer mit schwarzen Längsstreifen stammt aus Nordamerika. Seine Larven fressen an Maiswurzeln, die Pflanzen fallen um.;2;https://upload.wikimedia.org/wikipedia/commons/thumb/d/de/Diabrotica_virgifera_virgifera.jpg/960px-Diabrotica_virgifera_virgifera.jpg;Whitney Cranshaw, Colorado State University, CC BY 3.0, Wikimedia Commons;entwurf
schaedlinge-033;schaedlinge;bild;Welcher Schädling ist auf dem Bild zu sehen?;Genetzte Ackerschnecke;Drahtwurm;Engerling;Regenwurm;Die Ackerschnecke frisst bei feuchter Witterung an auflaufendem Raps und Getreide. Der Name kommt von der netzartigen Zeichnung auf dem Rücken.;1;https://upload.wikimedia.org/wikipedia/commons/thumb/5/5f/Genetzte_Ackerschnecke_Deroceras_reticulatum.jpg/960px-Genetzte_Ackerschnecke_Deroceras_reticulatum.jpg;Holger Krisp, CC BY 3.0, Wikimedia Commons;entwurf
schaedlinge-034;schaedlinge;bild;Wessen Raupen fressen hier an einem Kohlblatt?;Großer Kohlweißling;Maiszünsler;Apfelwickler;Kartoffelkäfer;Die gelb-grünen, schwarz gefleckten Raupen fressen in Gruppen an Kohl und Raps oft nur die Blattadern übrig.;2;https://upload.wikimedia.org/wikipedia/commons/thumb/1/1e/Pieris_brassicae_caterpillars.jpg/960px-Pieris_brassicae_caterpillars.jpg;Marko Zivic, Public domain, Wikimedia Commons;entwurf
schaedlinge-035;schaedlinge;bild;Welcher Schädling ist auf dem Bild zu sehen?;Kirschessigfliege;Kirschfruchtfliege;Fritfliege;Stubenfliege;Die Männchen der Kirschessigfliege haben einen dunklen Fleck an der Flügelspitze. Die Weibchen legen ihre Eier in reifende, unverletzte Früchte.;3;https://upload.wikimedia.org/wikipedia/commons/thumb/2/24/Spotted-wing_Drosophila_%28Drosophila_suzukii%29_male_%2815359228246%29.jpg/960px-Spotted-wing_Drosophila_%28Drosophila_suzukii%29_male_%2815359228246%29.jpg;Martin Cooper, CC BY 2.0, Wikimedia Commons;entwurf
schaedlinge-036;schaedlinge;bild;Welcher Schädling ist auf dem Bild zu sehen?;Schwarze Bohnenlaus;Kohlmottenschildlaus;Rapserdfloh;Thripse;Die dunkle Blattlaus bildet dichte Kolonien an Ackerbohnen und Zuckerrüben. Geflügelte Tiere wie rechts im Bild besiedeln neue Pflanzen.;2;https://upload.wikimedia.org/wikipedia/commons/thumb/3/35/Black_Bean_Aphids_%28Aphis_fabae%29_%2814464428176%29.jpg/960px-Black_Bean_Aphids_%28Aphis_fabae%29_%2814464428176%29.jpg;Bernard Dupont, CC BY-SA 2.0, Wikimedia Commons;entwurf
schaedlinge-037;schaedlinge;bild;Welcher Schädling sitzt hier an der Unterseite eines Grünkohlblatts?;Kohlmottenschildlaus;Schwarze Bohnenlaus;Rapsglanzkäfer;Kohlschotenmücke;Die „Weiße Fliege“ des Kohls saugt an den Blattunterseiten. Ihr Honigtau verschmutzt die Blätter und fördert Rußtaupilze.;2;https://upload.wikimedia.org/wikipedia/commons/thumb/d/d4/Gr%C3%BCnkohl_Kohlmottenschildlaus-Aleyrodes_proletella-JS-1.jpg/960px-Gr%C3%BCnkohl_Kohlmottenschildlaus-Aleyrodes_proletella-JS-1.jpg;Josef Schlaghecken, CC BY-SA 4.0, Wikimedia Commons;entwurf
schaedlinge-038;schaedlinge;bild;Wessen Raupe hat sich hier in einen Apfel gefressen?;Apfelwickler;Maiszünsler;Großer Kohlweißling;Kirschessigfliege;Die Raupe des Apfelwicklers bohrt sich ins Kerngehäuse und macht den Apfel „madig“. Braune Kotkrümel verraten den Befall.;2;https://upload.wikimedia.org/wikipedia/commons/thumb/f/f1/Cydia_pomonella_larva.jpg/960px-Cydia_pomonella_larva.jpg;Peggy Greb, Public domain, Wikimedia Commons;entwurf
krankheiten-027;krankheiten;bild;Welche Krankheit zeigt das Bild?;Gelbrost;Braunrost;Echter Mehltau;Septoria-Blattdürre;Typisch für Gelbrost sind gelbe Sporenlager, die in Streifen entlang der Blattadern stehen.;1;https://upload.wikimedia.org/wikipedia/commons/thumb/d/dd/Stripe_rust_on_wheat.jpg/960px-Stripe_rust_on_wheat.jpg;USDA ARS, Public domain, Wikimedia Commons;entwurf
krankheiten-028;krankheiten;bild;Welche Krankheit zeigt das Bild?;Braunrost;Gelbrost;Netzfleckenkrankheit;Echter Mehltau;Braunrost bildet kleine, rundliche, rostbraune Pusteln, die unregelmäßig über das Blatt verstreut sind – nicht in Streifen wie beim Gelbrost.;2;https://upload.wikimedia.org/wikipedia/commons/thumb/d/d4/Wheat_leaf_rust_on_wheat.jpg/960px-Wheat_leaf_rust_on_wheat.jpg;James Kolmer, Public domain, Wikimedia Commons;entwurf
krankheiten-029;krankheiten;bild;Was hängt hier aus der Roggenähre?;Mutterkorn;Flugbrand;Steinbrand;Ein ausgewachsenes Korn;Das dunkle Sklerotium des Pilzes Claviceps purpurea wächst anstelle eines Korns und enthält giftige Alkaloide.;1;https://upload.wikimedia.org/wikipedia/commons/thumb/d/dc/Claviceps_purpurea_47424140.jpg/960px-Claviceps_purpurea_47424140.jpg;Kasper Malmberg, CC BY 4.0, Wikimedia Commons;entwurf
krankheiten-030;krankheiten;bild;Welche Krankheit zeigen diese aufgeschnittenen Kartoffelknollen?;Kraut- und Knollenfäule;Gewöhnlicher Kartoffelschorf;Schwarzbeinigkeit;Kohlhernie;Phytophthora infestans verursacht eine rotbraune Verfärbung, die vom Rand her ins Knollengewebe vordringt.;3;https://upload.wikimedia.org/wikipedia/commons/thumb/c/c0/Tuber_infected_by_P._infestans.jpg/960px-Tuber_infected_by_P._infestans.jpg;Björn Andersson (SLU), CC BY-SA 4.0, Wikimedia Commons;entwurf
krankheiten-031;krankheiten;bild;Welche Krankheit zeigt das Bild?;Maisbeulenbrand;Mutterkorn;Kohlhernie;Fusarium-Kolbenfäule;"Die Beulen sind anfangs weißlich-grau und prall; später reißen sie auf und entlassen schwarzes Sporenpulver.";1;https://upload.wikimedia.org/wikipedia/commons/thumb/2/27/Maisbeulenbrand_Maisbrand_Ustilago_maydis.jpg/960px-Maisbeulenbrand_Maisbrand_Ustilago_maydis.jpg;Holger Krisp, CC BY 3.0, Wikimedia Commons;entwurf
krankheiten-032;krankheiten;bild;Welche Krankheit zeigt das Bild?;Septoria-Blattdürre;Gelbrost;Echter Mehltau;Mutterkorn;Septoria bildet braune, gelb umrandete Flecken, in denen später kleine schwarze Pünktchen (Pyknidien) sitzen. Sie beginnt an den unteren Blättern.;3;https://upload.wikimedia.org/wikipedia/commons/thumb/9/9c/Septoria-tritici.jpg/960px-Septoria-tritici.jpg;Maccheek, Public domain, Wikimedia Commons;entwurf
krankheiten-033;krankheiten;bild;Welche Krankheit zeigen diese verdickten Wurzeln einer Kohlpflanze?;Kohlhernie;Rübenzystennematode;Sklerotinia;Kraut- und Knollenfäule;Der Erreger Plasmodiophora brassicae lässt die Wurzeln knollig anschwellen. Die Dauersporen überleben viele Jahre im Boden – enge Rapsfruchtfolgen fördern ihn.;2;https://upload.wikimedia.org/wikipedia/commons/thumb/7/72/Knolvoet_bij_bloemkool_%28Plasmodiophora_brassicae_on_cauliflower%29.jpg/960px-Knolvoet_bij_bloemkool_%28Plasmodiophora_brassicae_on_cauliflower%29.jpg;Rasbak, CC BY-SA 3.0, Wikimedia Commons;entwurf
krankheiten-034;krankheiten;bild;Welche Krankheit hat die dunklen, aufgeplatzten Weizenkörner zerstört?;Weizensteinbrand;Mutterkorn;Ährenfusarium;Braunrost;Beim Steinbrand ist das Korn mit schwarzem, nach Fisch riechendem Sporenpulver gefüllt (Brandbutten). Gesunde Körner liegen zum Vergleich daneben.;3;https://upload.wikimedia.org/wikipedia/commons/thumb/d/df/Comparision_of_wheat_grains_damaged_by_Tilletia_caries_and_healthy_grains.JPG/960px-Comparision_of_wheat_grains_damaged_by_Tilletia_caries_and_healthy_grains.JPG;Agronom, CC BY-SA 3.0, Wikimedia Commons;entwurf
kulturen-028;kulturen;bild;Welche Kultur ist auf dem Bild zu sehen?;Gerste;Weizen;Roggen;Hafer;"Gerste erkennt man an den sehr langen Grannen; an jedem Ährchen sitzt nur ein Korn.";1;https://upload.wikimedia.org/wikipedia/commons/thumb/7/7a/Hordeum_vulgare_ear%2C_wintergerst_aar_%281%29.jpg/960px-Hordeum_vulgare_ear%2C_wintergerst_aar_%281%29.jpg;Rasbak, CC BY-SA 3.0, Wikimedia Commons;entwurf
kulturen-029;kulturen;bild;Welches Getreide zeigt diese Ähre?;Roggen;Gerste;Hafer;Mais;Die Roggenähre ist lang, schlank und leicht überhängend, die Grannen sind kürzer als bei Gerste.;2;https://upload.wikimedia.org/wikipedia/commons/thumb/2/26/Secale_cereale_%28Roggen%29-2008.jpg/960px-Secale_cereale_%28Roggen%29-2008.jpg;Bene16, CC BY-SA 3.0, Wikimedia Commons;entwurf
kulturen-030;kulturen;bild;Welches Getreide hat diesen Blütenstand?;Hafer;Gerste;Roggen;Weizen;Hafer bildet als einziges der gängigen Getreide eine Rispe mit einzeln hängenden Ährchen statt einer Ähre.;1;https://upload.wikimedia.org/wikipedia/commons/thumb/3/3c/Avena_sativa_II.jpg/960px-Avena_sativa_II.jpg;Andreas Trepte, CC BY-SA 2.5, Wikimedia Commons;entwurf
kulturen-031;kulturen;bild;Welche Kultur blüht auf diesem Feld?;Winterraps;Sonnenblume;Öllein;Phacelia;Raps blüht in Deutschland meist im April und Mai und färbt ganze Landschaften leuchtend gelb.;1;https://upload.wikimedia.org/wikipedia/commons/thumb/9/90/Rapsfeld_Rapeseed_Brassica_napus.jpg/960px-Rapsfeld_Rapeseed_Brassica_napus.jpg;Richard Bartz, CC BY-SA 2.5, Wikimedia Commons;entwurf
kulturen-032;kulturen;bild;Welche Kultur ist auf dem Bild zu sehen?;Zuckerrübe;Kartoffel;Futterkohl;Sonnenblume;Die weißlich-gelbe, kegelförmige Rübe steckt fast ganz im Boden. Sie enthält etwa 17–18 % Zucker.;1;https://upload.wikimedia.org/wikipedia/commons/thumb/b/be/Beta_vulgaris_Zuckerr%C3%BCbe_2011.JPG/960px-Beta_vulgaris_Zuckerr%C3%BCbe_2011.JPG;4028mdk09, CC BY-SA 3.0, Wikimedia Commons;entwurf
kulturen-033;kulturen;bild;Welche Kultur ist auf dem Bild zu sehen?;Ackerbohne;Sojabohne;Futtererbse;Lupine;Ackerbohnen haben kräftige, vierkantige Stängel und gefiederte, blaugrüne Blätter ohne Ranken.;2;https://upload.wikimedia.org/wikipedia/commons/thumb/9/98/Dicke_Bohne_%28Vicia_faba%29_dichter_Bestand%2C_Josef_Schlaghecken.jpg/960px-Dicke_Bohne_%28Vicia_faba%29_dichter_Bestand%2C_Josef_Schlaghecken.jpg;Josef Schlaghecken, CC BY-SA 4.0, Wikimedia Commons;entwurf
kulturen-034;kulturen;bild;Welche Kultur ist auf dem Bild zu sehen?;Sonnenblume;Winterraps;Phacelia;Mais;"Die Sonnenblume ist ein Korbblütler; aus ihren Kernen wird Speiseöl gewonnen.";1;https://upload.wikimedia.org/wikipedia/commons/thumb/8/83/Sonnenblumenfeld_%28Helianthus_annuus%29_in_Sachsen_2H1A1243WI.jpg/960px-Sonnenblumenfeld_%28Helianthus_annuus%29_in_Sachsen_2H1A1243WI.jpg;Kora27, CC BY-SA 4.0, Wikimedia Commons;entwurf
kulturen-035;kulturen;bild;Von welcher Pflanze stammen diese Dolden?;Hopfen;Ackerbohne;Futtererbse;Gerste;Die weiblichen Blütenstände des Hopfens enthalten Bitterstoffe und Aromen fürs Bierbrauen. Hauptanbaugebiet in Deutschland ist die Hallertau.;1;https://upload.wikimedia.org/wikipedia/commons/thumb/f/f9/Humulus_lupulus_cones.jpg/960px-Humulus_lupulus_cones.jpg;Magdalena Šajinovićová, CC BY-SA 3.0, Wikimedia Commons;entwurf
kulturen-036;kulturen;bild;Welche Kultur trägt diese behaarten Hülsen?;Sojabohne;Ackerbohne;Futtererbse;Lupine;Sojahülsen sind kurz und dicht behaart und enthalten meist zwei bis drei Bohnen.;2;https://upload.wikimedia.org/wikipedia/commons/thumb/8/85/Closeup_of_Soybean_Pods_%2810060092536%29.jpg/960px-Closeup_of_Soybean_Pods_%2810060092536%29.jpg;United Soybean Board, CC BY 2.0, Wikimedia Commons;entwurf
kulturen-037;kulturen;bild;Welche Zwischenfrucht blüht hier?;Phacelia;Senf;Ölrettich;Luzerne;Phacelia (Büschelschön) ist mit keiner Ackerkultur verwandt und passt deshalb gut in viele Fruchtfolgen. Ihre blauvioletten Blüten sind bei Bienen beliebt.;2;https://upload.wikimedia.org/wikipedia/commons/thumb/0/05/Phacelia_tanacetifolia_Feld.jpg/960px-Phacelia_tanacetifolia_Feld.jpg;Andreas Praefcke, CC BY 3.0, Wikimedia Commons;entwurf
kulturen-038;kulturen;bild;Welche Kultur trägt diese kugeligen Samenkapseln?;Öllein;Phacelia;Hafer;Winterraps;"Aus den Samen des Leins wird Leinöl gepresst; Faserlein liefert Leinen.";3;https://upload.wikimedia.org/wikipedia/commons/thumb/1/1e/Linum_usitatissimum_field%2C_Vlasveld_%281%29.jpg/960px-Linum_usitatissimum_field%2C_Vlasveld_%281%29.jpg;Rasbak, CC BY-SA 3.0, Wikimedia Commons;entwurf
kulturen-039;kulturen;bild;Welche Kultur ist auf dem Bild zu sehen?;Sorghumhirse;Mais;Hafer;Miscanthus;Sorghum ähnelt im Wuchs dem Mais, trägt die Körner aber in einer dichten Rispe an der Spitze. Es kommt gut mit Trockenheit zurecht.;2;https://upload.wikimedia.org/wikipedia/commons/thumb/b/b4/Hirsefeld_-_Sorghum_bicolor_1.jpg/960px-Hirsefeld_-_Sorghum_bicolor_1.jpg;Sciencia58, CC0, Wikimedia Commons;entwurf
kulturen-040;kulturen;bild;Welche Kultur ist auf dem Bild zu sehen?;Futtererbse;Ackerbohne;Sojabohne;Lupine;Moderne Futtererbsen sind oft „halbblattlos“: Viele Blätter sind zu Ranken umgebildet, mit denen sich die Pflanzen gegenseitig stützen.;3;https://upload.wikimedia.org/wikipedia/commons/thumb/b/b5/Field_peas_%28Pisum_sativum%29_-_geograph.org.uk_-_5438543.jpg/960px-Field_peas_%28Pisum_sativum%29_-_geograph.org.uk_-_5438543.jpg;Evelyn Simak, CC BY-SA 2.0, Wikimedia Commons;entwurf
kulturen-041;kulturen;bild;Welche Kultur ist auf dem Bild zu sehen?;Blaue Lupine;Ackerbohne;Futtererbse;Luzerne;Lupinen haben fingerförmig geteilte Blätter. Die Blaue Lupine gedeiht auch auf leichten, sauren Sandböden.;2;https://upload.wikimedia.org/wikipedia/commons/thumb/8/86/Lupinus_angustifolius_kz03.jpg/960px-Lupinus_angustifolius_kz03.jpg;Krzysztof Ziarnek, Kenraiz, CC BY-SA 4.0, Wikimedia Commons;entwurf
